Workbook

Sheet 使用说明
A1: 租管军师 lease-strategist · 总控台
A3: 怎么用
A4: 1. 复制本文件为 租管数据/总控台.xlsx。数据表都是空的，从第 2 行开始写；示例见本页最下面。
A5: 2. 表头是浅蓝色、写着「（自动）」的列是公式，不要手动改。
A6: 3. 每个物业用同一个物业编号（P001、P002……），各表靠它对应。
A7: 4. 有下拉选项的列请从选项里选；不知道就选「未知」或留空。
A8: 5. 隐私：不要填 SSN、出生日期、证件号、银行或卡号、信用报告原件；不记申请人的家庭、孩子、动物、住房券等信息。
A9: 6. 不要删除整行（会弄乱下拉选项和公式），清空内容即可。
A11: 设置摘要（来自 M00）
A12: 管理者 / 品牌
A13: Broker / DRE
A14: 默认租金流向（A 直付业主 / B 信托）
... A18: 提醒天数（改这里，租约表的提醒日会跟着变）
A20: 续约第 1 次提醒：到期前几天 | B20: 90
A21: 续约第 2 次提醒：到期前几天 | B21: 60
A22: 续约第 3 次提醒：到期前几天 | B22: 30
A23: 交租前提醒几天 | B23: 3
A24: 上市调价检查（上市当天算第 0 天） | B24: 第 7 / 14 / 21 天
A26: 状态代码
A27: 物业：评估中 → 签约中 → 接房 → 修缮 → 上市 → 筛选 → 签租约 → 已入住 → 在管 → 续约中 / 退租中 → 已结束
A28: 询盘：询盘 → 已约看 → 已看房 → 已申请 → 审核中 → 已选定 / 未选中 → 已签约
A29: 工单：报修 → 已分级 → 报价中 → 待批准 → 已派工 → 已完成 → 已付款 → 已归档
A31: 每张表的示例（虚构，只看格式，不要复制进数据表）
A32: 物业总览 | B32: P001 · 123 Example St · San Jose · 独立屋 · O. Sample · 全托管 · A · 业主直付 · 500 · M06 · 上市 · 3500 · 2026-10-10 · 下一步：周六开放看房
A33: 联系人 | B33: P001 · 业主 · O. Sample · (000) 000-0000 · owner@example.com · 中文
A34: 租约 | B34: P001 · T. Sample · 2026-11-15 · 2027-11-14 · 定期 · 3500 · 1 · 3 · 75 · 3500 · 业主 · 豁免(有声明) · 无 · 有 · 草坪 租客 · 滤网 租客 · 虫害 业主 …
A35: 询盘看房 | B35: P001 · A. Viewer · viewer@example.com · Zillow · 2026-10-20 · 2026-10-25 10:00 · 否 · · 温 · 2026-10-26 · 已约看
A36: 申请人 | B36: P001 · A-01 (J.D.) · 2026-10-26 14:05 · 是 · 3.2 · 符合 · 前 2 任房东已核实 · 已核实 · 是 · 推荐
A37: 维修工单 | B37: W-001 · P001 · 2026-10-22 · 厨房水龙头滴水 · 厨房 · 常规 · 业主 · Sample Plumbing · 180 · … · 已派工
A38: 租金记录 | B38: P001 · 2026-12 · 3500 · 3500 · 2026-12-01 · 否 · 0 · A · 业主已确认
A39: 账单 | B39: INV-2026-001 · P001 · O. Sample · 2026-11-15 · 租赁费 · 1750 · 2026-11-30
A40: 待办提醒 | B40: 2026-10-28 · P001 · 问业主持有方式（个人 / 信托 / LLC）· M01 · 中 · 待办
A41: 师傅名单 | B41: 水管 · Sample Plumbing · (000) 000-0000 · plumber@example.com · 000000 · 有 · South Bay · 好

Sheet 物业总览
A1: 物业编号 | B1: 地址 | C1: 城市 | D1: 类型 | E1: 业主 | F1: 服务类型 | G1: 租金流向 | H1: 维修付款 | I1: 审批上限 | J1: 当前步骤 | K1: 状态 | L1: 月租金 | M1: 上市日期 | N1: 已上市天数（自动） | O1: 下次调价检查日（自动） | P1: 下一步 | Q1: 截止日 | R1: 更新日期
N2: =IF(OR(M2="",AND(K2<>"上市",K2<>"筛选")),"",TODAY()-M2) | O2: =IF(N2="","",IF(N2<=7,M2+7,IF(N2<=14,M2+14,IF(N2<=21,M2+21,"已超过21天"))))
N3: =IF(OR(M3="",AND(K3<>"上市",K3<>"筛选")),"",TODAY()-M3) | O3: =IF(N3="","",IF(N3<=7,M3+7,IF(N3<=14,M3+14,IF(N3<=21,M3+21,"已超过21天"))))
N4: =IF(OR(M4="",AND(K4<>"上市",K4<>"筛选")),"",TODAY()-M4) | O4: =IF(N4="","",IF(N4<=7,M4+7,IF(N4<=14,M4+14,IF(N4<=21,M4+21,"已超过21天"))))
N5: =IF(OR(M5="",AND(K5<>"上市",K5<>"筛选")),"",TODAY()-M5) | O5: =IF(N5="","",IF(N5<=7,M5+7,IF(N5<=14,M5+14,IF(N5<=21,M5+21,"已超过21天"))))
N6: =IF(OR(M6="",AND(K6<>"上市",K6<>"筛选")),"",TODAY()-M6) | O6: =IF(N6="","",IF(N6<=7,M6+7,IF(N6<=14,M6+14,IF(N6<=21,M6+21,"已超过21天"))))
N7: =IF(OR(M7="",AND(K7<>"上市",K7<>"筛选")),"",TODAY()-M7) | O7: =IF(N7="","",IF(N7<=7,M7+7,IF(N7<=14,M7+14,IF(N7<=21,M7+21,"已超过21天"))))
N8: =IF(OR(M8="",AND(K8<>"上市",K8<>"筛选")),"",TODAY()-M8) | O8: =IF(N8="","",IF(N8<=7,M8+7,IF(N8<=14,M8+14,IF(N8<=21,M8+21,"已超过21天"))))
N9: =IF(OR(M9="",AND(K9<>"上市",K9<>"筛选")),"",TODAY()-M9) | O9: =IF(N9="","",IF(N9<=7,M9+7,IF(N9<=14,M9+14,IF(N9<=21,M9+21,"已超过21天"))))
N10: =IF(OR(M10="",AND(K10<>"上市",K10<>"筛选")),"",TODAY()-M10) | O10: =IF(N10="","",IF(N10<=7,M10+7,IF(N10<=14,M10+14,IF(N10<=21,M10+21,"已超过21天"))))
N11: =IF(OR(M11="",AND(K11<>"上市",K11<>"筛选")),"",TODAY()-M11) | O11: =IF(N11="","",IF(N11<=7,M11+7,IF(N11<=14,M11+14,IF(N11<=21,M11+21,"已超过21天"))))
N12: =IF(OR(M12="",AND(K12<>"上市",K12<>"筛选")),"",TODAY()-M12) | O12: =IF(N12="","",IF(N12<=7,M12+7,IF(N12<=14,M12+14,IF(N12<=21,M12+21,"已超过21天"))))
N13: =IF(OR(M13="",AND(K13<>"上市",K13<>"筛选")),"",TODAY()-M13) | O13: =IF(N13="","",IF(N13<=7,M13+7,IF(N13<=14,M13+14,IF(N13<=21,M13+21,"已超过21天"))))
... N200: =IF(OR(M200="",AND(K200<>"上市",K200<>"筛选")),"",TODAY()-M200) | O200: =IF(N200="","",IF(N200<=7,M200+7,IF(N200<=14,M200+14,IF(N200<=21,M200+21,"已超过21天"))))

Sheet 联系人
A1: 物业编号 | B1: 角色 | C1: 姓名 | D1: 电话 | E1: 邮箱 | F1: 通讯地址 | G1: 语言 | H1: 备注

Sheet 租约
A1: 物业编号 | B1: 租客 | C1: 起租日 | D1: 到期日 | E1: 类型 | F1: 月租金 | G1: 交租日 | H1: 宽限期(天) | I1: 滞纳金 | J1: 押金 | K1: 押金保管 | L1: AB1482 | M1: 本地租控 | N1: 定期检查条款 | O1: 草坪 | P1: 空调滤网 | Q1: 虫害 | R1: 家电 | S1: 下水疏通 | T1: 报警器电池 | U1: 水电 | V1: 续约费 | W1: 续约提醒1（自动） | X1: 续约提醒2（自动） | Y1: 续约提醒3（自动） | Z1: 搬出日 | AA1: 押金退还截止（自动）
W2: =IF(D2="","",D2-使用说明!$B$20) | X2: =IF(D2="","",D2-使用说明!$B$21) | Y2: =IF(D2="","",D2-使用说明!$B$22) | AA2: =IF(Z2="","",Z2+21)
W3: =IF(D3="","",D3-使用说明!$B$20) | X3: =IF(D3="","",D3-使用说明!$B$21) | Y3: =IF(D3="","",D3-使用说明!$B$22) | AA3: =IF(Z3="","",Z3+21)
W4: =IF(D4="","",D4-使用说明!$B$20) | X4: =IF(D4="","",D4-使用说明!$B$21) | Y4: =IF(D4="","",D4-使用说明!$B$22) | AA4: =IF(Z4="","",Z4+21)
W5: =IF(D5="","",D5-使用说明!$B$20) | X5: =IF(D5="","",D5-使用说明!$B$21) | Y5: =IF(D5="","",D5-使用说明!$B$22) | AA5: =IF(Z5="","",Z5+21)
W6: =IF(D6="","",D6-使用说明!$B$20) | X6: =IF(D6="","",D6-使用说明!$B$21) | Y6: =IF(D6="","",D6-使用说明!$B$22) | AA6: =IF(Z6="","",Z6+21)
W7: =IF(D7="","",D7-使用说明!$B$20) | X7: =IF(D7="","",D7-使用说明!$B$21) | Y7: =IF(D7="","",D7-使用说明!$B$22) | AA7: =IF(Z7="","",Z7+21)
W8: =IF(D8="","",D8-使用说明!$B$20) | X8: =IF(D8="","",D8-使用说明!$B$21) | Y8: =IF(D8="","",D8-使用说明!$B$22) | AA8: =IF(Z8="","",Z8+21)
W9: =IF(D9="","",D9-使用说明!$B$20) | X9: =IF(D9="","",D9-使用说明!$B$21) | Y9: =IF(D9="","",D9-使用说明!$B$22) | AA9: =IF(Z9="","",Z9+21)
W10: =IF(D10="","",D10-使用说明!$B$20) | X10: =IF(D10="","",D10-使用说明!$B$21) | Y10: =IF(D10="","",D10-使用说明!$B$22) | AA10: =IF(Z10="","",Z10+21)
W11: =IF(D11="","",D11-使用说明!$B$20) | X11: =IF(D11="","",D11-使用说明!$B$21) | Y11: =IF(D11="","",D11-使用说明!$B$22) | AA11: =IF(Z11="","",Z11+21)
W12: =IF(D12="","",D12-使用说明!$B$20) | X12: =IF(D12="","",D12-使用说明!$B$21) | Y12: =IF(D12="","",D12-使用说明!$B$22) | AA12: =IF(Z12="","",Z12+21)
W13: =IF(D13="","",D13-使用说明!$B$20) | X13: =IF(D13="","",D13-使用说明!$B$21) | Y13: =IF(D13="","",D13-使用说明!$B$22) | AA13: =IF(Z13="","",Z13+21)
... W200: =IF(D200="","",D200-使用说明!$B$20) | X200: =IF(D200="","",D200-使用说明!$B$21) | Y200: =IF(D200="","",D200-使用说明!$B$22) | AA200: =IF(Z200="","",Z200+21)

Sheet 询盘看房
A1: 物业编号 | B1: 姓名 | C1: 联系方式 | D1: 来源平台 | E1: 首次联系日 | F1: 看房日期时间 | G1: 已看房 | H1: 反馈 | I1: 意向度 | J1: 下次跟进日 | K1: 状态

Sheet 申请人
A1: 物业编号 | B1: 申请编号 | C1: 收到完整申请时间 | D1: 材料完整 | E1: 收入倍数 | F1: 信用vs标准 | G1: 租房历史 | H1: 身份/雇主核实 | I1: 符合标准 | J1: 状态 | K1: 决定日期 | L1: 书面理由

Sheet 维修工单
A1: 工单号 | B1: 物业编号 | C1: 报修日期 | D1: 问题 | E1: 位置 | F1: 分级 | G1: 应完成日（自动） | H1: 责任判断 | I1: 师傅 | J1: 报价 | K1: 业主批准日期 | L1: 派工日期 | M1: 完成日期 | N1: 租客确认 | O1: 付款方式 | P1: 金额 | Q1: 状态
G2: =IF(OR(C2="",F2=""),"",C2+IF(F2="紧急",0,IF(F2="优先",3,14)))
G3: =IF(OR(C3="",F3=""),"",C3+IF(F3="紧急",0,IF(F3="优先",3,14)))
G4: =IF(OR(C4="",F4=""),"",C4+IF(F4="紧急",0,IF(F4="优先",3,14)))
G5: =IF(OR(C5="",F5=""),"",C5+IF(F5="紧急",0,IF(F5="优先",3,14)))
G6: =IF(OR(C6="",F6=""),"",C6+IF(F6="紧急",0,IF(F6="优先",3,14)))
G7: =IF(OR(C7="",F7=""),"",C7+IF(F7="紧急",0,IF(F7="优先",3,14)))
G8: =IF(OR(C8="",F8=""),"",C8+IF(F8="紧急",0,IF(F8="优先",3,14)))
G9: =IF(OR(C9="",F9=""),"",C9+IF(F9="紧急",0,IF(F9="优先",3,14)))
G10: =IF(OR(C10="",F10=""),"",C10+IF(F10="紧急",0,IF(F10="优先",3,14)))
G11: =IF(OR(C11="",F11=""),"",C11+IF(F11="紧急",0,IF(F11="优先",3,14)))
G12: =IF(OR(C12="",F12=""),"",C12+IF(F12="紧急",0,IF(F12="优先",3,14)))
G13: =IF(OR(C13="",F13=""),"",C13+IF(F13="紧急",0,IF(F13="优先",3,14)))
... G200: =IF(OR(C200="",F200=""),"",C200+IF(F200="紧急",0,IF(F200="优先",3,14)))

Sheet 租金记录
A1: 物业编号 | B1: 月份 | C1: 应收 | D1: 实收 | E1: 差额（自动） | F1: 收款日期 | G1: 迟交 | H1: 滞纳金 | I1: 租金流向 | J1: 业主确认/信托入账 | K1: 备注
E2: =IF(OR(C2="",D2=""),"",C2-D2)
E3: =IF(OR(C3="",D3=""),"",C3-D3)
E4: =IF(OR(C4="",D4=""),"",C4-D4)
E5: =IF(OR(C5="",D5=""),"",C5-D5)
E6: =IF(OR(C6="",D6=""),"",C6-D6)
E7: =IF(OR(C7="",D7=""),"",C7-D7)
E8: =IF(OR(C8="",D8=""),"",C8-D8)
E9: =IF(OR(C9="",D9=""),"",C9-D9)
E10: =IF(OR(C10="",D10=""),"",C10-D10)
E11: =IF(OR(C11="",D11=""),"",C11-D11)
E12: =IF(OR(C12="",D12=""),"",C12-D12)
E13: =IF(OR(C13="",D13=""),"",C13-D13)
... E200: =IF(OR(C200="",D200=""),"",C200-D200)

Sheet 账单
A1: 账单号 | B1: 物业编号 | C1: 业主 | D1: 开票日期 | E1: 类型 | F1: 金额 | G1: 到期日 | H1: 已付日期 | I1: 状态（自动）
I2: =IF(A2="","",IF(H2<>"","已付",IF(AND(G2<>"",TODAY()>G2),"逾期","未付")))
I3: =IF(A3="","",IF(H3<>"","已付",IF(AND(G3<>"",TODAY()>G3),"逾期","未付")))
I4: =IF(A4="","",IF(H4<>"","已付",IF(AND(G4<>"",TODAY()>G4),"逾期","未付")))
I5: =IF(A5="","",IF(H5<>"","已付",IF(AND(G5<>"",TODAY()>G5),"逾期","未付")))
I6: =IF(A6="","",IF(H6<>"","已付",IF(AND(G6<>"",TODAY()>G6),"逾期","未付")))
I7: =IF(A7="","",IF(H7<>"","已付",IF(AND(G7<>"",TODAY()>G7),"逾期","未付")))
I8: =IF(A8="","",IF(H8<>"","已付",IF(AND(G8<>"",TODAY()>G8),"逾期","未付")))
I9: =IF(A9="","",IF(H9<>"","已付",IF(AND(G9<>"",TODAY()>G9),"逾期","未付")))
I10: =IF(A10="","",IF(H10<>"","已付",IF(AND(G10<>"",TODAY()>G10),"逾期","未付")))
I11: =IF(A11="","",IF(H11<>"","已付",IF(AND(G11<>"",TODAY()>G11),"逾期","未付")))
I12: =IF(A12="","",IF(H12<>"","已付",IF(AND(G12<>"",TODAY()>G12),"逾期","未付")))
I13: =IF(A13="","",IF(H13<>"","已付",IF(AND(G13<>"",TODAY()>G13),"逾期","未付")))
... I200: =IF(A200="","",IF(H200<>"","已付",IF(AND(G200<>"",TODAY()>G200),"逾期","未付")))

Sheet 待办提醒
A1: 日期 | B1: 物业编号 | C1: 事项 | D1: 来源模块 | E1: 优先级 | F1: 状态

Sheet 师傅名单
A1: 工种 | B1: 名称 | C1: 电话 | D1: 邮箱 | E1: CSLB执照号 | F1: 保险 | G1: 服务区域 | H1: 评价 | I1: 备注
